Johnson,Franklin,Fascicles,1st Publication Date,Note
0001,0001,NA,1955,
0002,-0001,NA,1955,
0003,0002,NA,1955,
0004,0003,F01.04.025,1896,
0005,0004,NA,1955,
0006,0024,F01.01.004,1891,
0007,0016,F01.03.016,1914,Multiple Fascicles
0008,0042,F02.01.001,1896,
0009,0043,F02.01.002,1955,
0010,0061,F02.05.020,1914,
0011,0038,F03.03.015,1914,
0012,0032,F03.04.019,1890,
0013,0035,F03.04.022,1890,
0014,0005,F02.02.011,1914,Multiple Fascicles
0015,0044,F02.01.003,1955,
0016,-0003,NA,1955,
0017,0066,F02.05.025,1945,
0018,"0021, 0022, 0023","F01.01.001, .002, .003",1891,
0019,0025,F01.01.005,1896,
0020,"0026, 0027","F01.01.006, .007",1945,
0021,0028,F01.01.008,1945,
0022,"0029, 0030, 0031","F01.01.009, .010, .011",1945,
0023,0012,F01.02.012,1896,
0024,0013,F01.02.013,1945,
0025,0015,F01.02.015,1896,
0026,0017,F01.03.017,1896,
0027,0018,F01.03.018,1891,
0028,0019,F01.03.019,1945,
0029,0020,F01.03.020,1945,
0030,0006,F01.04.021,1896,
0031,0007,F01.04.022,1896,
0032,0008,F01.04.023,1896,
0033,0009,F01.04.024,1896,
0034,0010,F01.04.026,1945,
0035,0011,F01.04.027,1945,
0036,0045,F02.01.004,1945,
0037,0046,F02.01.005,1896,
0038,0047,F02.01.006,1945,
0039,0050,F02.02.007,1945,
0040,0051,F02.02.008,1945,
0041,0057,F02.04.016,1891,
0042,0058,F02.04.017,1945,
0043,0059,F02.04.018,1945,
0044,0060,F02.04.019,1955,
0045,0062,F02.05.021,1896,
0046,0063,F02.05.022,1945,
0047,0064,F02.05.023,1896,
0048,0065,F02.05.024,1945,
0049,0039,F03.03.016,1890,
0050,0040,F03.03.017,1891,
0051,0041,F03.03.018,1945,
0052,0033,F03.04.020,1890,
0053,0034,F03.04.021,1891,
0054,0036,F03.04.023,1891,
0055,0037,F03.04.024,1945,
0056,0053,F02.02.010,1945,
0057,0055,F02.04.014,1896,
0058,0067,F03.01.001,1890,
0059,0145,F07.01.001,1914,
0060,0150,F07.03.011,1955,
0061,0151,F07.03.012,1914,
0062,0153,F07.03.014,1914,
0063,0155,F07.03.016,1914,
0064,0162,F07.04.018,1890,
0065,0164,F07.04.020,1914,
0066,0110,F05.01.001,1914,
0067,0112,F05.01.003,1890,
0068,0115,F05.01.006,1914,
0069,0099,F05.02.010,1914,
0070,0117,F05.03.015,1891,
0071,0105,F05.04.021,1891,
0072,0106,F05.04.022,1914,
0073,0136,F06.01.001,1891,
0074,0137,F06.01.002,1896,
0075,0141,F06.02.006,1914,
0076,0143,F06.02.008,1890,
0077,0144,F06.02.009,1891,
0078,0125,F06.03.013,1891,
0079,0128,F06.04.016,1891,
0080,0129,F06.04.017,1896,
0081,0082,F04.04.014,1914,
0082,0048,NA,1955,
0083,0088,F04.02.006,1891,
0084,0121,F05.03.019,1955,
0085,0087,F04.03.012,1955,
0086,0098,F05.02.009,1891,
0087,-0002,NA,1955,
0088,0078,F03.02.012,1891,
0089,0068,F03.01.002,1890,
0090,0069,F03.01.003,1890,
0091,0070,F03.01.004,1890,
0092,0071,F03.01.005,1896,
0093,0072,F03.01.006,1891,
0094,0073,F03.02.007,1890,
0095,0074,F03.02.008,1891,
0096,0075,F03.02.009,1935,
0097,0076,F03.02.010,1929,
0098,0077,F03.02.011,1890,
0099,0079,F03.02.013,1890,
0100,0147,F07.01.003,1929,
0101,0148,F07.01.004,1891,
0102,0149,F07.01.005,1955,
0103,0157,F07.02.006,1896,
0104,0158,F07.02.007,1955,
0105,0160,F07.02.009,1896,
0106,0161,F07.02.010,1890,
0107,0152,F07.03.013,1890,
0108,0156,F07.03.017,1891,
0109,0163,F07.04.019,1955,
0110,0111,F05.01.002,1945,
0111,0113,F05.01.004,1890,
0112,0114,F05.01.005,1945,
0113,0116,F05.01.007,1890,
0114,0097,F05.02.008,1945,
0115,0100,F05.02.011,1891,
0116,0101,F05.02.012,1945,
0117,0102,F05.02.013,1945,
0118,0103,F05.02.014,1945,
0119,0118,F05.03.016,1891,
0120,0119,F05.03.017,1945,
0121,0120,F05.03.018,1945,
0122,0104,F05.04.020,1890,
0123,0107,F05.04.023,1945,
0124,0108,F05.04.024,1891,
0125,0109,F05.04.025,1891,
0126,0138,F06.01.003,1890,
0127,0139,F06.01.004,1945,
0128,0140,F06.02.005,1891,
0129,0142,F06.02.007,1935,
0130,0122,F06.03.010,1890,
0131,0123,F06.03.011,1891,
0132,0126,F06.04.014,1891,
0133,0127,F06.04.015,1890,
0134,0092,F04.01.001,1890,
0135,0093,F04.01.002,1896,
0136,0094,F04.01.003,1890,
0137,0095,F04.01.004,1945,
0138,0096,F04.01.005,1891,
0139,0089,F04.02.007,1890,
0140,0090,F04.02.008,1891,
0141,0091,F04.02.009,1891,
0142,0085,F04.03.010,1891,
0143,0086,F04.03.011,1929,
0144,0081,F04.04.013,1935,
0145,0083,F04.04.015,1935,
0146,0084,F04.04.016,1891,
0147,0052,F02.02.009,1896,
0148,0146,F07.01.002,1896,
0149,0159,F07.02.008,1890,
0150,0154,F07.03.015,1891,
0151,0133,NA,1945,
0152,0182,F08.01.002,1945,
0153,0166,F08.04.013,1914,
0154,0173,F08.05.016,1890,
0155,0217,F09.03.006,1890,
0156,0218,F09.03.007,1945,
0157,0229,F09.05.015,1891,
0158,0222,F09.06.018,1945,
0159,0135,F10.03.012,1896,
0160,0132,F10.03.013,1891,
0161,0208,F12.01.002,1929,
0162,0219,F09.03.008,1890,
0163,0131,F10.02.005,1955,
0164,0130,NA,1945,
0165,0181,F08.01.001,1890,
0166,0183,F08.01.003,1945,
0167,0178,F08.02.004,1891,
0168,0179,F08.02.005,1896,
0169,0180,F08.02.006,1935,
0170,0174,F08.02.007,1891,Multiple Fascicles
0171,0169,F08.03.008,1891,
0172,0170,F08.03.009,1890,
0173,0171,F08.03.010,1929,
0174,0172,F08.03.011,1890,Multiple Fascicles
0175,0165,F08.04.012,1945,
0176,0167,F08.04.014,1929,
0177,0168,F08.04.015,1929,
0178,0175,F08.05.018,1929,
0179,0176,F08.05.019,1935,
0180,0177,F08.05.020,1890,
0181,0209,F12.01.003,1890,
0182,0210,F12.01.004,1890,
0183,0211,F12.01.005,1935,
0184,0212,F12.01.006,1935,
0185,0202,F10.02.009,1891,Multiple Fascicles
0186,0237,F09.01.001,1945,
0187,0238,F09.01.002,1890,
0188,0239,F09.01.003,1945,
0189,0220,F09.03.009,1896,
0190,0221,F09.03.010,1945,
0191,0213,F09.04.011,1891,
0192,0214,F09.04.012,1896,
0193,0215,F09.04.013,1890,
0194,0216,F09.04.014,1890,
0195,0230,F09.05.016,1935,
0196,0231,F09.05.017,1945,
0197,0223,F09.06.019,1896,
0198,0224,F09.06.020,1891,
0199,0225,F09.06.021,1890,
0200,0226,F09.06.022,1955,
0201,0227,F09.06.023,1890,
0202,0228,F09.06.024,1945,
0203,0232,F09.07.025,1945,
0204,0233,F09.07.026,1935,
0205,0234,F09.07.027,1891,
0206,0235,F09.07.028,1935,
0207,0199,F10.02.006,1891,
0208,0200,F10.02.007,1891,
0209,0201,F10.02.008,1945,
0210,0203,F10.02.010,1891,
0211,0205,F10.03.014,1890,
0212,0206,F10.03.015,1945,
0213,0134,NA,1891,
0214,0207,F12.01.001,1890,
0215,0241,F09.02.005,1945,
0216,0124,F06.03.012,1890,Multiple Fascicles
0217,0295,F12.03.011,1896,
0218,0189,NA,1955,
0219,0318,F13.03.008,1891,
0220,0188,NA,1955,
0221,0265,F11.06.014,1891,
0222,0049,NA,1955,
0223,0258,F11.02.005,1929,
0224,0253,F10.05.022,1929,
0225,0197,F12.03.015,1945,
0226,0275,NA,1955,
0227,0198,NA,1955,
0228,0321,F13.04.011,1891,
0229,0289,S06b.04.016,1945,
0230,0244,F10.01.001,1929,
0231,0245,F10.01.002,1890,
0232,0246,F10.01.003,1891,
0233,0247,F10.01.004,1935,
0234,0249,F10.04.017,1945,
0235,0250,F10.05.019,1945,
0236,0251,F10.05.020,1935,
0237,0252,F10.05.021,1891,
0238,0309,F14.02.007,1945,
0239,0310,F14.02.008,1896,
0240,0262,F11.06.011,1935,Multiple Fascicles
0241,0339,F16.02.004,1890,
0242,0343,F16.03.008,1945,Multiple Fascicles
0243,0257,F11.01.004,1929,
0244,0242,F11.05.009,1945,
0245,0261,F11.04.008,1891,
0246,0264,F11.06.013,1929,
0247,0266,F11.07.015,1929,
0248,0268,F11.08.017,1929,
0249,0269,F11.08.018,1891,
0250,0270,F11.08.019,1935,
0251,0271,F11.08.020,1945,
0252,0312,F13.01.002,1891,
0253,0313,F13.02.003,1929,
0254,0314,F13.02.004,1891,
0255,0315,F13.02.005,1935,
0256,0316,F13.02.006,1945,
0257,0317,F13.03.007,1929,
0258,0320,F13.03.010,1890,
0259,0322,F13.04.012,1891,Multiple Fascicles
0260,0323,F13.04.013,1890,
0261,0324,F13.04.014,1935,
0262,0326,F13.05.016,1929,
0263,0293,F12.02.009,1935,
0264,0294,F12.02.010,1935,
0265,0296,F12.03.012,1891,
0266,0297,F12.03.013,1890,
0267,0299,F12.03.016,1945,
0268,0281,NA,1945,
0269,0240,F09.01.004,1935,Multiple Fascicles
0270,0248,F10.04.016,1929,
0271,0307,F14.02.005,1896,
0272,0308,F14.02.006,1896,
0273,0330,F12.06.021,1891,
0274,0331,F12.06.022,1891,
0275,0332,F12.07.023,1890,
0276,0333,F12.07.024,1935,
0277,0305,F14.01.002,1891,
0278,0306,F14.01.004,1891,
0279,0338,F16.02.003,1896,
0280,0340,F16.02.005,1896,
0281,0341,F16.03.006,1935,
0282,0342,F16.03.007,1929,
0283,0254,F11.01.001,1935,
0284,0255,F11.01.002,1945,
0285,0256,F11.01.003,1929,
0286,0243,F11.05.010,1935,
0287,0259,F11.03.006,1896,
0288,0260,F11.04.007,1891,
0289,0311,F13.01.001,1890,
0290,0319,F13.03.009,1896,
0291,0327,F13.06.017,1896,
0292,0329,F13.06.019,1935,
0293,0292,F12.02.008,1929,
0294,0298,F12.03.014,1929,
0295,0300,F12.04.017,1935,
0296,0301,F12.05.018,1945,
0297,0302,F12.05.019,1896,
0298,0303,F12.05.020,1955,
0299,0418,F14.05.014,1891,
0300,0191,F30.02.005,1914,
0301,0403,F20.02.008,1890,
0302,0408,F20.04.013,1914,
0303,0409,F20.04.014,1890,
0304,0572,F25.02.004,1891,
0305,0576,F25.03.008,1914,
0306,0630,F31.01.001,1914,
0307,0549,F27.01.003,1891,
0308,0557,F27.04.011,1914,
0309,0542,F28.06.020,1955,
0310,0422,F14.06.018,1955,
0311,0291,F24.01.001,1891,
0312,0600,F26.04.012,1914,
0313,0283,F33.05.012,1891,
0314,0457,F22.01.002,1945,
0315,0477,F22.06.022,1896,
0316,0494,F23.05.016,1955,
0317,0263,F11.06.012,1914,
0318,0204,F10.03.011,1890,
0319,0304,F14.01.001,1891,
0320,0282,NA,1891,
0321,0334,F12.08.025,1890,
0322,0325,F13.05.015,1890,
0323,0014,F01.02.014,1955,
0324,0236,F09.07.029,1890,
0325,0328,F13.06.018,1891,
0326,0381,F19.01.003,1929,
0327,0336,F16.01.001,1891,
0328,0359,F17.05.013,1891,
0329,0608,F26.06.020,1955,
0330,0186,NA,1955,
0331,0374,F18.06.014,1896,"Franklin has as Johnson 0331, 0342"
0332,0420,F14.05.016,1929,
0333,0379,F19.01.001,1890,
0334,0380,F19.01.002,1929,
0335,0528,F28.01.004,1945,
0336,0395,F19.07.017,1945,
0337,0363,F18.01.002,1891,
0338,0365,F18.02.004,1891,
0339,0367,F18.02.006,1929,
0340,0371,F18.04.010,1896,
0341,0372,F18.04.011,1929,
0342,0374,F18.06.014,1896,"Franklin has as Johnson 0331, 0342"
0343,0375,F18.06.015,1945,Multiple Fascicles
0344,0376,F18.06.016,1929,
0345,0677,S01.02.005,1929,
0346,0678,S01.02.006,1935,
0347,0679,S01.02.007,1890,
0348,0347,F17.01.001,1891,
0349,0350,F17.02.004,1945,
0350,0352,F17.02.006,1945,
0351,0357,F17.05.011,1945,
0352,0358,F17.05.012,1945,
0353,0335,F12.08.026,1935,"Franklin has as Johnson 0353, 0514"
0354,0610,F29.01.001,1891,
0355,0612,F29.01.003,1929,
0356,0613,F29.02.004,1935,
0357,0615,F29.02.006,1929,
0358,0616,F29.02.007,1935,
0359,0639,F31.03.010,1891,
0360,0640,F31.03.011,1891,
0361,0641,F31.03.012,1929,
0362,0636,F31.02.007,1896,
0363,0637,F31.02.008,1890,
0364,0398,F20.01.003,1935,
0365,0401,F20.02.006,1891,
0366,0405,F20.03.010,1929,
0367,0406,F20.03.011,1929,
0368,0410,F20.05.015,1945,
0369,0412,F20.05.017,1935,
0370,0413,F20.05.018,1929,
0371,0569,F25.01.001,1890,
0372,0574,F25.02.006,1929,
0373,0575,F25.03.007,1935,
0374,0577,F25.03.009,1891,
0375,0578,F25.04.010,1945,
0376,0581,F25.04.013,1929,
0377,0632,F31.01.003,1896,
0378,0633,F31.01.004,1935,
0379,0664,F30.04.013,1929,
0380,0642,F31.04.013,1890,
0381,0643,F31.04.014,1929,
0382,0644,F31.04.015,1914,
0383,0645,F31.05.016,1935,
0384,0649,F31.06.020,1890,
0385,0651,F31.06.022,1945,
0386,0667,F30.05.016,1935,
0387,0671,F30.06.020,1929,
0388,0672,F30.06.021,1935,
0389,0547,F27.01.001,1896,
0390,0556,F27.04.010,1929,
0391,0558,F27.04.012,1935,
0392,0559,F27.04.013,1929,
0393,0560,F27.05.014,1935,
0394,0562,F27.05.016,1945,
0395,0565,F27.06.019,1914,
0396,0552,F27.03.006,1929,
0397,0553,F27.03.007,1935,
0398,0554,F27.03.008,1929,
0399,0555,F27.03.009,1945,
0400,0673,S01.01.001,1945,
0401,0675,S01.01.003,1896,
0402,0526,F28.01.002,1929,
0403,0532,F28.02.008,1935,Multiple Fascicles
0404,0534,F28.04.011,1929,
0405,0535,F28.04.012,1896,
0406,0536,F28.04.013,1929,
0407,0540,F28.05.017,1914,
0408,0543,F28.06.021,1935,
0409,0545,F28.07.023,1891,
0410,0423,F15.01.001,1935,
0411,0424,F15.01.002,1935,
0412,0432,F15.04.010,1891,
0413,0437,F15.06.015,1929,
0414,0425,F15.02.003,1945,
0415,0427,F15.02.005,1929,
0416,0433,F15.05.011,1896,
0417,0434,F15.05.012,1929,
0418,0435,F15.05.013,1890,
0419,0428,F15.03.006,1935,
0420,0429,F15.03.007,1935,
0421,0430,F15.03.008,1891,
0422,0415,F14.04.011,1935,
0423,0416,F14.04.012,1935,
0424,0417,F14.04.013,1935,
0425,0382,F19.02.004,1929,
0426,0384,F19.02.006,1945,
0427,0385,F19.03.007,1945,
0428,0386,F19.03.008,1945,
0429,0387,F19.03.009,1891,
0430,0388,F19.04.010,1935,
0431,0389,F19.04.011,1896,
0432,0390,F19.04.012,1945,
0433,0391,F19.05.013,1945,Multiple Fascicles
0434,0618,F29.03.009,1914,
0435,0620,F29.03.011,1890,
0436,0621,F29.04.012,1891,
0437,0623,F29.04.014,1891,
0438,0625,F29.05.016,1935,
0439,0626,F29.05.017,1891,
0440,0628,F29.06.019,1945,
0441,0519,F24.04.014,1890,
0442,0520,F24.04.015,1891,
0443,0522,F24.05.018,1929,Multiple Fascicles
0444,0524,F24.07.022,1929,
0445,0344,F16.05.010,1896,
0446,0346,F16.05.012,1914,
0447,0443,F21.02.004,1929,
0448,0446,F21.03.007,1929,
0449,0448,F21.03.009,1890,
0450,0449,F21.03.010,1935,
0451,0450,F21.04.011,1935,
0452,0451,F21.04.013,1945,
0453,0452,F21.04.014,1929,
0454,0455,F21.05.017,1945,Multiple Fascicles
0455,0680,F32.01.001,1891,
0456,0682,F32.01.003,1929,
0457,0684,F32.02.005,1945,
0458,0693,F32.04.014,1945,
0459,0694,F32.04.015,1935,
0460,0695,F32.05.016,1935,
0461,0185,F32.06.018,1929,
0462,0697,F32.06.019,1929,
0463,0698,F32.06.020,1896,
0464,0699,F32.06.021,1929,
0465,0591,F26.01.003,1896,
0466,0597,F26.03.009,1896,
0467,0599,F26.03.011,1945,
0468,0602,F26.04.014,1945,
0469,0603,F26.04.015,1945,
0470,0605,F26.05.017,1945,
0471,0609,F26.06.021,1945,
0472,0702,F33.01.003,1891,
0473,0705,F33.02.006,1929,
0474,0708,F33.04.009,1935,
0475,0710,F33.04.011,1929,
0476,0711,F33.05.013,1891,Multiple Fascicles
0477,0714,F33.06.017,1935,
0478,0763,F34.03.008,1890,
0479,0458,F22.02.003,1929,
0480,0459,F22.02.004,1929,
0481,0460,F22.02.005,1935,
0482,0461,F22.02.006,1896,
0483,0467,F22.04.012,1945,
0484,0469,F22.04.014,1935,
0485,0471,F22.05.016,1935,
0486,0473,F22.05.018,1945,
0487,0474,F22.05.019,1945,
0488,0475,F22.06.020,1935,
0489,0476,F22.06.021,1929,
0490,1058,S06b.01.004,1945,
0491,0287,S06b.01.003,1945,
0492,0276,NA,1945,
0493,0280,NA,1945,
0494,0277,NA,1891,
0495,0362,F18.01.001,1935,
0496,0364,F18.01.003,1896,
0497,0366,F18.02.005,1945,
0498,0368,F18.03.007,1896,
0499,0369,F18.03.008,1929,
0500,0370,F18.04.009,1929,
0501,0373,F18.04.012,1896,Multiple Fascicles
0502,0377,F18.06.017,1891,
0503,0378,F18.07.018,1945,
0504,0676,S01.02.004,1935,
0505,0348,F17.01.002,1945,
0506,0349,F17.02.003,1896,
0507,0351,F17.02.005,1945,
0508,0353,F17.03.007,1890,
0509,0354,F17.03.008,1891,
0510,0355,F17.04.009,1891,
0511,0356,F17.04.010,1890,
0512,0360,F17.06.014,1945,
0513,0361,F17.06.015,1955,
0514,0335,F12.08.026,1935,"Franklin has as Johnson 0353, 0514"
0515,0653,F30.01.001,1929,
0516,0654,F30.01.002,1929,
0517,0655,F30.01.003,1935,
0518,0611,F29.01.002,1945,
0519,0614,F29.02.005,1929,
0520,0656,F30.02.004,1891,
0521,0657,F30.02.006,1945,
0522,0634,F31.02.005,1929,
0523,0635,F31.02.006,1945,Multiple Fascicles
0524,0399,F20.01.004,1890,
0525,0400,F20.02.005,1890,
0526,0402,F20.02.007,1891,
0527,0404,F20.03.009,1935,
0528,0411,F20.05.016,1890,
0529,0582,F25.05.014,1896,
0530,0583,F25.05.015,1896,
0531,0584,F25.05.016,1935,
0532,0570,F25.01.002,1945,
0533,0571,F25.02.003,1891,
0534,0580,F25.04.012,1929,
0535,0587,F25.06.019,1935,
0536,0588,F25.06.020,1890,
0537,0631,F31.01.002,1935,
0538,0658,F30.03.007,1945,
0539,0659,F30.03.008,1935,
0540,0660,F30.03.009,1891,
0541,0661,F30.03.010,1935,
0542,0662,F30.04.011,1891,
0543,0663,F30.04.012,1929,
0544,0665,F30.04.014,1935,
0545,0646,F31.05.017,1945,
0546,0647,F31.05.018,1929,
0547,0648,F31.05.019,1890,
0548,0650,F31.06.021,1945,
0549,0652,F31.06.023,1890,
0550,0666,F30.05.015,1935,
0551,0668,F30.05.017,1891,
0552,0669,F30.06.018,1935,
0553,0670,F30.06.019,1945,
0554,0548,F27.01.002,1945,
0555,0561,F27.05.015,1935,
0556,0563,F27.05.017,1890,
0557,0564,F27.06.018,1935,
0558,0566,F27.06.020,1935,
0559,0567,F27.06.021,1935,
0560,0568,F27.06.022,1945,
0561,0550,F27.02.004,1896,
0562,0551,F27.02.005,1929,
0563,0674,S01.01.002,1945,
0564,0525,F28.01.001,1929,
0565,0527,F28.01.003,1945,
0566,0529,F28.02.005,1945,
0567,0530,F28.02.006,1935,
0568,0531,F28.02.007,1945,
0569,0533,F28.04.010,1929,
0570,0537,F28.05.014,1935,
0571,0538,F28.05.015,1935,
0572,0539,F28.05.016,1891,
0573,0541,F28.05.018,1935,
0574,0288,F28.06.019,1935,
0575,0544,F28.07.022,1929,
0576,0546,F28.07.024,1929,
0577,0431,F15.04.009,1896,
0578,0438,F15.06.016,1891,
0579,0439,F15.06.017,1891,
0580,0426,F15.02.004,1891,
0581,0436,F15.05.014,1891,
0582,0414,F14.04.010,1929,
0583,0419,F14.05.015,1896,
0584,0421,F14.06.017,1929,
0585,0383,F19.02.005,1891,
0586,0392,F19.06.014,1929,
0587,0393,F19.06.015,1929,
0588,0394,F19.06.016,1896,
0589,0617,F29.03.008,1891,
0590,0619,F29.03.010,1935,
0591,0622,F29.04.013,1929,
0592,0624,F29.05.015,1955,
0593,0627,F29.06.018,1935,
0594,0629,F29.06.020,1929,
0595,0507,F24.01.002,1891,
0596,0518,F24.04.013,1890,
0597,0521,F24.05.017,1929,
0598,0514,F24.03.009,1929,
0599,0515,F24.03.010,1929,
0600,0516,F24.03.011,1945,
0601,0517,F24.03.012,1929,
0602,0510,F24.02.005,1945,
0603,0511,F24.02.006,1945,
0604,0512,F24.02.007,1891,
0605,0513,F24.02.008,1945,
0606,0523,F24.07.021,1935,
0607,0337,F16.01.002,1929,
0608,0345,F16.05.011,1890,
0609,0440,F21.01.001,1891,
0610,0441,F21.01.002,1929,
0611,0442,F21.02.003,1914,
0612,0444,F21.02.005,1945,
0613,0445,F21.02.006,1935,
0614,0447,F21.03.008,1945,
0615,0453,F21.05.015,1891,
0616,0454,F21.05.016,1929,
0617,0681,F32.01.002,1929,
0618,0683,F32.01.004,1929,
0619,0685,F32.02.006,1890,
0620,0686,F32.02.007,1890,
0621,0687,F32.02.008,1890,
0622,0688,F32.03.009,1890,
0623,0689,F32.03.010,1890,
0624,0690,F32.03.011,1929,
0625,0691,F32.04.012,1890,
0626,0692,F32.04.013,1935,
0627,0696,F32.05.017,1929,
0628,0589,F26.01.001,1945,
0629,0593,F26.02.005,1945,
0630,0595,F26.02.007,1945,
0631,0596,F26.03.008,1945,
0632,0598,F26.03.010,1896,
0633,0601,F26.04.013,1945,
0634,0604,F26.05.016,1945,
0635,0607,F26.06.019,1945,
0636,0700,F33.01.001,1891,
0637,0701,F33.01.002,1929,
0638,0703,F33.01.004,1955,
0639,0704,F33.02.005,1929,
0640,0706,F33.03.007,1890,
0641,0707,F33.03.008,1935,
0642,0709,F33.04.010,1929,
0643,0712,F33.06.015,1935,
0644,0713,F33.06.016,1890,
0645,0756,F34.01.001,1935,
0646,0757,F34.01.002,1935,
0647,0758,F34.01.003,1890,
0648,0762,F34.03.007,1935,
0649,0759,F34.02.004,1935,
0650,0760,F34.02.005,1890,
0651,0761,F34.02.006,1945,
0652,0456,F22.01.001,1929,
0653,0462,F22.03.007,1929,
0654,0463,F22.03.008,1896,
0655,0464,F22.03.009,1935,
0656,0465,F22.03.010,1945,
0657,0466,F22.04.011,1929,
0658,0468,F22.04.013,1945,
0659,0470,F22.04.015,1935,
0660,0472,F22.05.017,1935,
0661,1056,S06b.01.001,1896,
0662,1057,S06b.01.002,1945,
0663,0274,NA,1945,
0664,0279,NA,1891,
0665,0286,F36.05.018,1914,
0666,0752,F36.05.019,1914,
0667,0787,F37.05.015,1914,
0668,0721,F35.02.007,1914,
0669,0590,F26.01.002,1914,
0670,0407,F20.04.012,1891,
0671,0744,F36.03.009,1945,
0672,0638,F31.03.009,1914,
0673,0285,F35.06.019,1929,
0674,0592,F26.01.004,1914,
0675,0772,F34.06.018,1891,
0676,0878,F39.03.009,1945,
0677,0876,F39.02.007,1914,
0678,0482,F23.02.004,1945,
0679,0773,F37.01.001,1929,
0680,0724,F35.03.010,1891,
0681,0862,F38.06.017,1896,
0682,0888,F39.06.021,1945,
0683,0579,F25.04.011,1891,
0684,0499,NA,1955,
0685,0500,NA,1955,
0686,0861,F38.05.016,1896,
0687,0196,NA,1955,
0688,0193,NA,1955,
0689,0284,F35.05.017,1929,
0690,0195,F34.05.013,1891,
0691,0272,NA,1955,
0692,0715,F35.01.001,1890,
0693,0716,F35.01.002,1945,
0694,0717,F35.01.003,1935,
0695,0720,F35.02.006,1929,
0696,0725,F35.04.011,1891,
0697,0726,F35.04.012,1945,
0698,0727,F35.04.013,1929,
0699,0728,F35.04.014,1945,
0700,0730,F35.05.016,1896,
0701,0731,F35.05.018,1891,
0702,0732,F35.06.020,1935,
0703,0733,F35.06.021,1929,
0704,0734,F35.06.022,1945,Multiple Fascicles
0705,0775,F37.01.003,1929,
0706,0777,F37.02.005,1896,
0707,0779,F37.02.007,1935,
0708,0784,F37.04.012,1935,
0709,0788,F37.05.016,1929,
0710,0765,F34.04.010,1929,
0711,0770,F34.06.016,1929,
0712,0479,F23.01.001,1890,
0713,0481,F23.01.003,1945,
0714,0490,F23.04.012,1945,
0715,0491,F23.04.013,1929,
0716,0495,F23.06.017,1935,
0717,0496,F23.06.018,1945,
0718,0881,F39.04.012,1896,
0719,0883,F39.04.014,1945,
0720,0742,F36.02.006,1955,
0721,0743,F36.03.008,1929,
0722,0745,F36.03.010,1945,
0723,0746,F36.03.011,1891,
0724,0747,F36.04.012,1929,
0725,0749,F36.04.014,1929,
0726,0750,F36.04.015,1896,
0727,0751,F36.05.017,1945,
0728,0754,F36.06.021,1935,
0729,0755,F36.06.022,1890,
0730,0850,F38.02.005,1929,
0731,0851,F38.02.006,1945,
0732,0857,F38.04.012,1890,
0733,0718,F35.01.004,1945,
0734,0719,F35.02.005,1929,
0735,0722,F35.02.008,1945,
0736,0723,F35.03.009,1935,
0737,0735,F35.08.024,1896,
0738,0736,F35.08.025,1945,
0739,0737,F35.08.026,1891,
0740,0774,F37.01.002,1929,
0741,0776,F37.02.004,1929,
0742,0778,F37.02.006,1945,
0743,0780,F37.03.008,1935,
0744,0781,F37.03.009,1891,
0745,0782,F37.03.010,1929,
0746,0783,F37.04.011,1935,
0747,0785,F37.04.013,1896,
0748,0786,F37.04.014,1929,
0749,0789,F37.05.017,1929,
0750,0790,F37.06.018,1929,
0751,0791,F37.06.019,1896,
0752,0792,F37.06.020,1929,
0753,0793,F37.06.021,1929,
0754,0764,F34.04.009,1929,
0755,0766,F34.04.011,1945,
0756,0767,F34.05.012,1896,
0757,0768,F34.05.014,1929,
0758,0769,F34.06.015,1935,
0759,0480,F23.01.002,1935,
0760,0483,F23.02.005,1929,
0761,0484,F23.02.006,1929,
0762,0485,F23.03.007,1945,
0763,0486,F23.03.008,1945,
0764,0487,F23.03.009,1890,
0765,0488,F23.03.010,1945,
0766,0489,F23.04.011,1929,
0767,0492,F23.04.014,1929,
0768,0493,F23.05.015,1929,
0769,0497,F23.06.019,1929,
0770,0498,F23.06.020,1891,
0771,0870,F39.01.001,1945,
0772,0871,F39.01.002,1945,
0773,0872,F39.02.003,1945,
0774,0873,F39.02.004,1945,
0775,0874,F39.02.005,1945,
0776,0875,F39.02.006,1945,
0777,0877,F39.03.008,1945,
0778,0879,F39.03.010,1945,
0779,0880,F39.03.011,1945,
0780,0882,F39.04.013,1945,
0781,0884,F39.04.015,1945,
0782,0885,F39.04.016,1945,
0783,0504,F39.05.017,1945,
0784,0886,F39.05.018,1896,
0785,0505,F39.05.019,1945,
0786,0887,F39.06.020,1945,
0787,0889,F39.06.022,1945,
0788,0739,F36.01.002,1929,
0789,0740,F36.02.004,1929,
0790,0741,F36.02.005,1891,
0791,0748,F36.04.013,1891,
0792,0187,F36.05.016,1891,
0793,0753,F36.06.020,1945,
0794,0846,F38.01.001,1890,
0795,0847,F38.01.002,1891,
0796,0848,F38.01.003,1929,
0797,0849,F38.02.004,1929,
0798,0853,F38.03.008,1935,
0799,0854,F38.03.009,1935,
0800,0855,F38.03.010,1945,
0801,0856,F38.04.011,1935,
0802,0858,F38.04.013,1935,
0803,0859,F38.05.014,1929,
0804,0860,F38.05.015,1935,
0805,0863,F38.06.018,1935,
0806,0864,F38.06.019,1935,
0807,0865,F38.06.020,1929,
0808,0940,S07.01.005,1914,
0809,0951,S07.04.016,1955,
0810,0956,S07.04.021,1914,
0811,0798,S07.05.027,1945,
0812,0962,S07.06.028,1896,
0813,1090,S06c.01.001,1914,
0814,1110,S06a.01.001,1896,
0815,0819,S06a.01.002,1914,
0816,0966,S07.07.033,1891,
0817,0818,S05.03.015,1896,
0818,0816,S05.06.029,1955,
0819,0799,S05.09.039,1914,
0820,1113,S06a.02.006,1914,
0821,0807,S06b.04.015,1955,
0822,0817,S06a.03.009,1914,
0823,0972,S07.08.040,1929,
0824,0796,NA,1891,
0825,0898,NA,1955,
0826,0812,NA,1914,
0827,0820,F40.01.001,1929,
0828,0501,S06c.02.005,1891,
0829,0804,S06a.03.012,1891,
0830,0815,S07.08.039,1955,
0831,0946,S07.03.011,1945,
0832,0814,S05.08.034,1955,
0833,0273,S05.02.010,1955,
0834,0949,S07.03.014,1955,
0835,0803,S05.06.024,1955,
0836,0795,S07.07.032,1955,
0837,0813,S05.06.027,1955,
0838,0939,S07.01.004,1945,
0839,0942,S07.02.007,1945,
0840,0943,S07.02.008,1945,
0841,0944,S07.02.009,1945,
0842,0945,S07.02.010,1945,
0843,0947,S07.03.012,1945,
0844,0948,S07.03.013,1945,
0845,0919,S05.06.025,1945,Multiple Fascicles
0846,0950,S07.03.015,1945,
0847,0952,S07.04.017,1896,
0848,0953,S07.04.018,1945,
0849,0954,S07.04.019,1945,
0850,0955,S07.04.020,1896,
0851,0957,S07.04.022,1945,
0852,0959,S07.05.024,1945,
0853,0961,S07.05.026,1945,
0854,0963,S07.06.029,1945,
0855,1091,S06c.01.003,1945,
0856,1092,S06c.01.004,1945,
0857,1059,S06b.02.005,1945,
0858,1061,S06b.02.007,1945,
0859,0903,S05.02.005,1945,
0860,0904,S05.02.006,1945,
0861,0905,S05.02.007,1896,
0862,0506,S05.02.008,1945,
0863,0906,S05.02.009,1945,
0864,0810,S06a.01.003,1945,
0865,1111,S06a.01.004,1945,
0866,0968,S07.07.035,1945,
0867,0969,S07.07.036,1945,
0868,0908,S05.03.012,1945,
0869,0909,S05.03.013,1945,
0870,0910,S05.03.014,1945,
0871,1063,S06b.03.009,1945,
0872,1064,S06b.03.010,1945,
0873,1065,S06b.03.011,1945,
0874,0923,S05.07.031,1896,
0875,0926,S05.08.035,1896,
0876,0852,F38.03.007,1935,Multiple Fascicles
0877,0920,S05.06.026,1945,
0878,0922,S05.06.030,1945,
0879,0927,S05.09.036,1945,
0880,0928,S05.09.037,1945,
0881,0929,S05.09.038,1945,
0882,1114,S06a.02.007,1945,
0883,0930,S05.10.040,1945,
0884,0931,S05.10.041,1891,
0885,0932,S05.10.042,1945,
0886,0934,S05.10.044,1945,
0887,1094,S06c.02.007,1896,
0888,1095,S06c.02.008,1945,
0889,1067,S06b.04.013,1945,
0890,0794,S06a.03.010,1896,
0891,0912,S05.04.017,1896,
0892,1069,S06b.05.017,1945,
0893,0916,S05.05.021,1896,
0894,1076,S06b.07.024,1945,
0895,1077,S06b.07.025,1945,
0896,1078,S06b.07.026,1945,
0897,1079,S06b.07.027,1945,
0898,1080,S06b.07.028,1945,
0899,1073,S06b.06.021,1945,
0900,1074,S06b.06.022,1945,
0901,0809,S07.09.044,1935,
0902,0823,F40.02.004,1945,
0903,0080,F03.02.014,1890,Multiple Fascicles
0904,0828,F40.03.010,1935,
0905,0829,F40.03.011,1935,
0906,0830,F40.04.012,1929,
0907,0831,F40.04.013,1929,
0908,0832,F40.04.014,1896,
0909,0837,F40.06.019,1929,
0910,0899,S05.01.001,1929,
0911,0902,S05.01.004,1935,
0912,0971,S07.08.038,1945,
0913,0975,S07.09.043,1929,
0914,0977,S07.09.046,1929,
0915,0978,S07.10.047,1929,
0916,0979,S07.10.048,1955,
0917,0980,S07.10.049,1896,
0918,0981,S07.10.050,1929,
0919,0982,S07.10.051,1890,
0920,0845,S04b.01.003,1955,
0921,0184,NA,1945,
0922,0938,S07.01.001,1945,
0923,0941,S07.01.006,1945,
0924,0840,S04a.01.001,1945,
0925,0841,S04a.01.002,1945,
0926,0842,S04a.01.003,1945,
0927,0958,S07.05.023,1945,
0928,0960,S07.05.025,1945,
0929,0965,S07.06.031,1945,
0930,0811,S06c.01.002,1945,
0931,1060,S06b.02.006,1945,
0932,1062,S06b.02.008,1945,
0933,0967,S07.07.034,1945,
0934,0907,S05.03.011,1896,
0935,1066,S06b.03.012,1945,
0936,0866,S02.01.001,1945,
0937,0867,S02.01.002,1896,"Franklin has as Johnson 0937, 0992"
0938,0868,S02.01.003,1945,
0939,0869,S02.01.004,1945,
0940,0924,S05.07.032,1945,
0941,0925,S05.07.033,1945,
0942,0921,S05.06.028,1945,
0943,0890,S03.01.001,1945,
0944,0891,S03.01.002,1945,
0945,1112,S06a.02.005,1945,
0946,1115,S06a.02.008,1896,
0947,0933,S05.10.043,1896,
0948,1093,S06c.02.006,1945,
0949,1068,S06b.04.014,1945,
0950,1116,S06a.03.011,1945,
0951,0911,S05.04.016,1945,
0952,0913,S05.04.018,1945,
0953,0914,S05.04.019,1896,
0954,1070,S06b.05.018,1945,
0955,1071,S06b.05.019,1945,
0956,0915,S05.05.020,1945,
0957,0917,S05.05.022,1945,
0958,0918,S05.05.023,1945,
0959,1072,S06b.06.020,1945,
0960,1075,S06b.06.023,1945,
0961,0821,F40.01.002,1945,
0962,0822,F40.01.003,1929,
0963,0824,F40.02.005,1935,
0964,0825,F40.02.006,1929,
0965,0826,F40.02.007,1929,
0966,0827,F40.03.008,1929,
0967,0833,F40.04.015,1929,
0968,0834,F40.05.016,1955,
0969,0835,F40.05.017,1945,
0970,0836,F40.06.018,1929,
0971,0838,F40.06.020,1945,
0972,0839,F40.06.021,1935,
0973,0900,S05.01.002,1935,
0974,0901,S05.01.003,1929,
0975,0970,S07.08.037,1890,
0976,0973,S07.08.041,1890,
0977,0976,S07.09.045,1945,
0978,0843,S04b.01.001,1945,
0979,0844,S04b.01.002,1891,
0980,0896,NA,1945,
0981,0801,NA,1945,
0982,0738,F36.01.001,1914,Multiple Fascicles
0983,1016,S07.18.091,1945,
0984,0192,S07.16.083,1914,
0985,0995,S07.13.066,1914,
0986,1096,S06c.03.009,1891,
0987,1098,S06c.03.011,1891,
0988,0797,S06a.04.015,1955,
0989,1120,S06a.04.017,1955,
0990,0937,S05.11.047,1955,
0991,0897,NA,1955,
0992,0867,S02.01.002,1896,"Franklin has as Johnson 0937, 0992"
0993,0771,F34.06.017,1945,
0994,0806,S07.13.064,1945,
0995,1014,S07.18.089,1896,
0996,0503,S07.12.059,1955,
0997,1010,S07.17.084,1945,
0998,1012,S07.17.086,1945,
0999,1013,S07.18.088,1896,
1000,1015,S07.18.090,1945,
1001,1001,S07.15.073,1896,
1002,1002,S07.15.074,1945,
1003,1003,S07.15.075,1945,
1004,1004,S07.15.076,1945,
1005,1005,S07.15.077,1945,
1006,1006,S07.15.078,1945,
1007,1007,S07.15.079,1945,
1008,1008,S07.15.080,1896,
1009,1009,S07.16.081,1945,
1010,1018,S07.19.093,1945,
1011,1019,S07.19.094,1945,
1012,1021,S07.19.096,1945,
1013,1023,S07.20.098,1945,
1014,1024,S07.20.099,1945,
1015,1025,S07.20.100,1945,
1016,1026,S07.20.101,1945,
1017,1027,S07.20.102,1945,
1018,1028,S07.21.103,1945,
1019,1030,S07.21.105,1945,
1020,1031,S07.21.106,1945,
1021,1032,S07.21.107,1896,
1022,1033,S07.22.108,1945,
1023,1034,S07.22.109,1945,
1024,1035,S07.22.110,1945,
1025,1036,S07.22.111,1945,
1026,1037,S07.22.112,1896,
1027,1039,S07.23.114,1945,
1028,1040,S07.23.115,1945,
1029,1041,S07.23.116,1945,
1030,1082,S06b.08.030,1896,
1031,1084,S06b.08.032,1896,
1032,1085,S06b.08.033,1945,
1033,0988,S07.12.057,1945,
1034,0990,S07.12.060,1896,
1035,0983,S07.11.052,1945,
1036,0984,S07.11.053,1945,
1037,"0985, 0986","S07.11.054, 0.55",1945,
1038,0987,S07.11.056,1945,
1039,0996,S07.14.067,1945,
1040,0997,S07.14.068,1945,
1041,0998,S07.14.069,1945,
1042,0999,S07.14.070,1945,
1043,1000,S07.14.071,1945,
1044,0993,S07.13.063,1896,
1045,1086,S06b.09.034,1891,
1046,1088,S06b.09.036,1945,
1047,1089,S06b.09.037,1945,
1048,1118,S06a.04.014,1945,
1049,1119,S06a.04.016,1945,
1050,0936,S05.11.046,1945,
1051,1122,NA,1945,
1052,0800,NA,1890,
1053,0573,F25.02.005,1929,
1054,1011,S07.17.085,1945,
1055,1017,S07.19.092,1896,
1056,1020,S07.19.095,1945,
1057,1029,S07.21.104,1896,
1058,1038,S07.23.113,1945,
1059,1083,S06b.08.031,1945,
1060,0989,S07.12.058,1945,
1061,0992,S07.13.062,1896,
1062,0994,S07.13.065,1945,
1063,1097,S06c.03.010,1896,
1064,1087,S06b.09.035,1896,
1065,1117,S06a.04.013,1891,
1066,0892,NA,1945,
1067,0606,F26.06.018,1914,
1068,0895,NA,1891,"Franklin has as Johnson 1068, 1775"
1069,1125,NA,1945,
1070,0991,S07.12.061,1945,
1071,1103,S06c.05.016,1914,
1072,0194,NA,1955,
1073,1081,S06b.08.029,1891,
1074,1124,NA,1955,
1075,1121,NA,1890,
1076,0478,F22.06.023,1929,
1077,1106,S06c.06.019,1929,
1078,1108,S06c.06.021,1890,
1079,1109,S06c.06.022,1929,
1080,1042,S07.24.117,1929,
1081,1043,S07.24.118,1896,
1082,1044,S07.24.119,1929,
1083,1045,S07.24.120,1896,
1084,1099,S06c.04.012,1891,
1085,1101,S06c.04.014,1929,
1086,1046,S07.25.121,1935,
1087,1047,S07.25.122,1929,
1088,1048,S07.25.123,1955,
1089,1049,S07.25.124,1945,
1090,1050,S07.26.125,1935,
1091,1051,S07.26.126,1945,
1092,1052,S07.26.127,1929,
1093,1053,S07.26.128,1935,
1094,1054,S07.26.129,1935,
1095,1055,S07.26.130,1935,
1096,0805,NA,1945,
1097,1102,S06c.05.015,1914,
1098,1105,S06c.05.018,1945,
1099,1107,S06c.06.020,1890,
1100,1100,S06c.04.013,1890,
1101,1123,NA,1945,
1102,1126,NA,1945,
1103,0802,NA,1945,
1104,1104,S06c.05.017,1896,
1105,0964,S07.06.030,1914,
1106,1139,NA,1955,
1107,1147,NA,1945,
1108,1131,NA,1955,
1109,1129,NA,1914,
1110,1135,NA,1945,
1111,1132,NA,1945,
1112,1189,NA,1945,
1113,1133,NA,1945,
1114,0974,S07.08.042,1914,
1115,1142,NA,1896,
1116,1138,NA,1914,
1117,1162,NA,1955,
1118,1157,NA,1914,
1119,1144,NA,1945,
1120,1198,NA,1945,
1121,1338,NA,1945,
1122,1151,NA,1945,
1123,"1187, 1188","NA, NA",1945,
1124,1185,NA,1945,
1125,1186,NA,1945,
1126,1243,NA,1945,
1127,1146,NA,1945,
1128,1150,NA,1945,
1129,1263,NA,1945,
1130,1156,NA,1945,
1131,1134,NA,1945,
1132,1143,NA,1945,
1133,1155,NA,1945,
1134,1152,NA,1945,
1135,1137,NA,1914,
1136,1130,NA,1945,
1137,1160,NA,1914,
1138,1163,NA,1891,
1139,0893,NA,1955,
1140,1164,NA,1945,
1141,1293,NA,1914,
1142,0729,F35.05.015,1914,
1143,1159,NA,1955,
1144,1449,NA,1955,
1145,1145,NA,1945,
1146,1161,NA,1914,
1147,1149,NA,1891,
1148,1127,NA,1955,
1149,1154,NA,1891,
1150,1326,NA,1945,
1151,1136,NA,1945,
1152,1148,NA,1945,
1153,1265,NA,1945,
1154,1141,NA,1955,
1155,1128,NA,1914,
1156,1191,NA,1955,
1157,1169,NA,1914,
1158,1158,NA,1955,
1159,1166,NA,1891,
1160,1173,NA,1955,
1161,1177,NA,1955,
1162,1178,NA,1945,
1163,1192,NA,1955,
1164,1165,NA,1955,
1165,1175,NA,1945,
1166,1206,S08a.01.001,1945,
1167,1174,NA,1945,
1168,1259,NA,1945,
1169,1204,NA,1945,
1170,1176,NA,1945,
1171,1203,NA,1945,
1172,1246,NA,1890,
1173,1140,NA,1945,
1174,1316,NA,1945,
1175,1247,NA,1945,
1176,1197,NA,1896,
1177,1022,S07.20.097,1914,Multiple Fascicles
1178,1168,NA,1955,
1179,1202,NA,1914,
1180,1208,S08a.03.003,1914,
1181,0594,F26.02.006,1891,
1182,1234,S10.02.006,1896,
1183,1227,S09.01.001,1891,
1184,1229,S10.01.001,1945,
1185,1236,S10.03.008,1945,
1186,1201,NA,1955,
1187,1237,S10.03.009,1929,
1188,1230,S10.01.002,1945,
1189,1207,S08a.02.002,1945,
1190,1248,NA,1945,
1191,1222,S08b.06.006,1945,
1192,1232,S10.01.004,1945,
1193,1205,NA,1945,
1194,1209,S08a.04.004,1935,
1195,1272,S11.01.002,1945,
1196,1238,S10.03.010,1929,
1197,1233,S10.02.005,1929,
1198,1199,NA,1945,
1199,1224,S08b.08.008,1896,
1200,1235,S10.02.007,1945,
1201,1271,S11.01.001,1945,
1202,1190,NA,1945,
1203,1273,S11.01.003,1896,
1204,1200,NA,1945,
1205,1223,S08b.07.007,1896,
1206,1270,NA,1891,
1207,1266,NA,1891,
1208,1267,NA,1955,
1209,1239,S10.04.011,1914,
1210,1275,S11.02.006,1914,
1211,1257,NA,1945,
1212,0278,NA,1896,
1213,1194,NA,1896,
1214,1184,NA,1945,
1215,1167,NA,1914,
1216,1294,NA,1891,
1217,1255,NA,1945,
1218,1254,NA,1945,
1219,1274,S11.02.005,1945,
1220,1170,NA,1945,
1221,1210,S08a.06.006,1945,
1222,1180,NA,1945,
1223,1219,S08b.03.003,1945,
1224,1213,S08a.09.009,1890,
1225,1211,S08a.07.007,1929,
1226,1220,S08b.04.004,1929,
1227,1212,S08a.08.008,1935,
1228,1240,S10.04.012,1929,
1229,1183,S08a.05.005,1945,
1230,1221,S08b.05.005,1945,
1231,1226,S08b.10.010,1945,
1232,1256,NA,1945,
1233,1249,NA,1945,
1234,1250,NA,1945,
1235,1245,NA,1945,
1236,1264,NA,1945,
1237,1331,NA,1945,
1238,1287,NA,1945,
1239,1253,NA,1945,
1240,1291,NA,1945,
1241,1261,NA,1945,
1242,1343,NA,1945,
1243,1196,NA,1914,
1244,1329,NA,1890,
1245,1171,NA,1914,
1246,1305,NA,1955,
1247,1353,NA,1914,
1248,1172,NA,1914,
1249,1242,NA,1914,
1250,1193,NA,1955,
1251,1300,NA,1945,
1252,1241,NA,1914,
1253,1281,NA,1914,
1254,1288,NA,1914,
1255,1298,NA,1929,
1256,1214,S08a.10.010,1896,
1257,1299,NA,1945,
1258,1280,NA,1914,
1259,1216,S08a.12.012,1955,
1260,1314,NA,1945,
1261,1268,NA,1955,
1262,1276,NA,1955,
1263,1286,NA,1896,
1264,1284,NA,1955,
1265,1285,NA,1955,
1266,1301,NA,1955,
1267,1304,NA,1955,
1268,1303,NA,1955,
1269,1217,S08b.01.001,1896,
1270,1260,NA,1891,
1271,1313,S15.01.001,1945,
1272,1278,NA,1896,
1273,1385,S14.05.014,1945,
1274,1218,S08b.02.002,1896,
1275,1373,S14.01.002,1896,
1276,1312,NA,1890,
1277,1317,NA,1896,
1278,1225,S08b.09.009,1945,
1279,1348,S12.01.001,1945,
1280,1215,S08a.11.011,1945,
1281,1258,NA,1945,
1282,1311,NA,1945,
1283,1282,NA,1945,
1284,1310,NA,1945,
1285,1283,NA,1945,
1286,1269,NA,1945,
1287,1292,NA,1945,
1288,1309,NA,1945,
1289,1289,NA,1945,
1290,1345,NA,1945,
1291,1262,NA,1945,
1292,1290,NA,1945,
1293,1279,NA,1955,
1294,1327,NA,1955,
1295,1354,NA,1914,
1296,1315,NA,1945,
1297,1322,NA,1955,
1298,1350,S13.01.001,1891,
1299,1375,S14.02.004,1945,
1300,1339,NA,1945,
1301,1228,S09.01.002,1945,
1302,1295,NA,1914,
1303,1296,NA,1914,
1304,1349,S12.01.002,1896,
1305,1306,NA,1945,
1306,1324,NA,1945,
1307,1363,NA,1890,
1308,1302,NA,1945,
1309,1344,NA,1945,
1310,1319,NA,1945,
1311,1378,S14.02.007,1945,
1312,1308,NA,1945,
1313,1307,NA,1945,
1314,1330,NA,1945,
1315,1376,S14.02.005,1945,
1316,1374,S14.01.003,1945,
1317,1332,NA,1945,
1318,1231,S10.01.003,1945,
1319,1379,S14.03.008,1945,
1320,1320,NA,1896,
1321,1336,NA,1945,
1322,1335,NA,1945,
1323,1325,NA,1945,
1324,1346,NA,1945,
1325,1333,NA,1945,
1326,1318,NA,1945,
1327,1328,NA,1955,
1328,1323,NA,1945,
1329,1334,NA,1945,
1330,1340,NA,1945,
1331,1347,NA,1945,
1332,1357,NA,1890,
1333,1356,NA,1914,
1334,1352,NA,1955,
1335,1361,NA,1896,
1336,1371,NA,1955,
1337,1368,NA,1945,
1338,1358,NA,1955,
1339,1351,S13.01.002,1945,
1340,1377,S14.02.006,1945,
1341,1370,NA,1945,
1342,1277,NA,1945,
1343,1297,NA,1945,
1344,1382,S14.04.011,1929,
1345,1367,NA,1945,
1346,1341,NA,1955,
1347,1364,NA,1945,
1348,1362,NA,1945,
1349,1366,NA,1945,
1350,1360,NA,1945,
1351,1359,NA,1945,
1352,1387,NA,1955,
1353,1380,S14.04.009,1929,
1354,1381,S14.04.010,1929,
1355,1384,S14.05.013,1945,
1356,1369,NA,1891,
1357,1386,NA,1945,
1358,1388,NA,1914,
1359,1394,NA,1914,
1360,1391,NA,1955,
1361,1410,NA,1955,
1362,1396,NA,1955,
1363,1411,NA,1955,
1364,1412,NA,1955,
1365,1390,NA,1955,
1366,1462,NA,1945,
1367,1417,NA,1955,
1368,1392,NA,1955,
1369,1415,NA,1955,
1370,1398,NA,1945,
1371,1414,NA,1945,
1372,1399,NA,1945,
1373,1400,NA,1945,
1374,1407,NA,1945,
1375,1409,NA,1945,
1376,1401,NA,1945,
1377,1482,NA,1896,
1378,1402,NA,1945,
1379,1355,NA,1945,
1380,1420,NA,1945,
1381,1389,NA,1945,
1382,1404,NA,1945,
1383,1405,NA,1945,
1384,1406,NA,1945,
1385,1494,NA,1945,
1386,1413,NA,1945,
1387,1395,NA,1945,
1388,1393,NA,1945,
1389,1403,NA,1945,
1390,1416,NA,1955,
1391,1425,NA,1955,
1392,1424,NA,1955,
1393,1428,NA,1891,
1394,1427,NA,1955,
1395,1383,S14.05.012,1945,
1396,1453,NA,1896,
1397,1454,NA,1891,
1398,1432,NA,1891,
1399,1455,NA,1955,
1400,1433,NA,1896,
1401,1436,NA,1955,
1402,1434,NA,1914,
1403,1463,NA,1955,
1404,1422,NA,1914,
1405,1426,NA,1945,
1406,1451,NA,1945,
1407,1419,NA,1955,
1408,1435,NA,1945,
1409,1456,NA,1896,
1410,1429,NA,1945,
1411,1421,NA,1945,
1412,1437,NA,1945,
1413,1438,NA,1945,
1414,1439,NA,1945,
1415,1418,NA,1945,
1416,1365,NA,1914,
1417,1440,NA,1945,
1418,1441,NA,1945,
1419,1442,NA,1945,
1420,1450,NA,1945,
1421,1431,NA,1945,
1422,1457,NA,1945,
1423,1443,NA,1945,
1424,1458,NA,1945,
1425,1423,NA,1914,
1426,1444,NA,1945,
1427,1445,NA,1945,
1428,1446,NA,1945,
1429,1430,NA,1945,
1430,1447,NA,1896,
1431,1448,NA,1945,
1432,1485,NA,1955,
1433,1459,NA,1955,
1434,1479,NA,1955,
1435,1461,NA,1955,
1436,1460,NA,1955,
1437,1372,S14.01.001,1896,
1438,1464,NA,1945,
1439,1465,NA,1945,
1440,1466,NA,1914,
1441,1467,NA,1945,
1442,1468,NA,1945,
1443,1469,NA,1945,
1444,1480,NA,1945,
1445,1470,NA,1945,
1446,1471,NA,1945,
1447,1472,NA,1945,
1448,1523,NA,1945,
1449,1473,NA,1945,
1450,1474,NA,1945,
1451,1475,NA,1945,
1452,1476,NA,1945,
1453,1514,NA,1955,
1454,1486,NA,1955,
1455,1495,NA,1955,
1456,1496,NA,1914,
1457,1497,NA,1955,
1458,1498,NA,1955,
1459,1487,NA,1890,
1460,1499,NA,1914,
1461,1500,NA,1914,
1462,1481,NA,1955,
1463,1489,NA,1891,
1464,1516,NA,1955,
1465,1484,NA,1891,
1466,1488,NA,1891,
1467,1501,NA,1955,
1468,1502,NA,1945,
1469,1503,NA,1945,
1470,1504,NA,1914,
1471,1505,NA,1945,
1472,1491,NA,1945,
1473,1506,NA,1945,
1474,1515,NA,1945,
1475,1507,NA,1945,
1476,1508,NA,1945,
1477,1509,NA,1914,
1478,1251,NA,1890,
1479,1510,NA,1914,
1480,1511,NA,1945,
1481,1512,NA,1945,
1482,1513,NA,1896,
1483,1520,NA,1945,
1484,1517,NA,1955,
1485,1526,NA,1955,
1486,1527,NA,1955,
1487,1538,NA,1955,
1488,1541,NA,1955,
1489,1522,NA,1955,
1490,1521,NA,1955,
1491,1525,NA,1945,
1492,1537,NA,1955,
1493,1524,NA,1955,
1494,-0004,NA,1955,
1495,1528,NA,1945,
1496,1529,NA,1945,
1497,1530,NA,1945,
1498,1518,NA,1945,
1499,1397,NA,1945,
1500,1519,NA,1945,
1501,1490,NA,1945,
1502,1531,NA,1955,
1503,1532,NA,1945,
1504,1533,NA,1945,
1505,1535,NA,1945,
1506,1483,NA,1945,
1507,1337,NA,1945,
1508,1536,NA,1945,
1509,1539,NA,1891,
1510,1570,NA,1891,
1511,1540,NA,1891,
1512,1548,NA,1955,
1513,1561,NA,1955,
1514,1544,NA,1945,
1515,1564,NA,1945,
1516,1563,NA,1914,
1517,1567,NA,1955,
1518,1566,NA,1955,
1519,1565,NA,1955,
1520,1543,NA,1955,
1521,1559,NA,1955,
1522,1547,NA,1955,
1523,1546,NA,1896,
1524,1549,NA,1945,
1525,1571,NA,1945,"Franklin has as Johnson 1525, 1616"
1526,1562,NA,1945,
1527,1550,NA,1945,
1528,1574,NA,1914,
1529,1551,NA,1945,
1530,1545,NA,1945,
1531,1552,NA,1945,
1532,1553,NA,1896,
1533,1554,NA,1945,
1534,1195,NA,1945,
1535,1555,NA,1945,
1536,1560,NA,1945,
1537,1608,NA,1914,
1538,1569,NA,1914,
1539,1575,NA,1955,
1540,0935,S05.11.045,1891,
1541,1576,NA,1914,
1542,1572,NA,1955,
1543,1573,NA,1955,
1544,1609,NA,1896,
1545,1577,NA,1955,
1546,1568,NA,1955,
1547,1493,NA,1896,
1548,1578,NA,1945,
1549,1579,NA,1945,
1550,1580,NA,1945,
1551,1581,NA,1945,
1552,1582,NA,1945,
1553,1583,NA,1945,
1554,1584,NA,1945,
1555,1585,NA,1945,
1556,1586,NA,1945,
1557,1587,NA,1945,
1558,1588,NA,1945,
1559,1589,NA,1945,
1560,1601,NA,1945,
1561,1596,NA,1891,
1562,1602,NA,1955,
1563,1611,NA,1955,
1564,1624,NA,1955,
1565,1666,NA,1955,
1566,1626,NA,1955,
1567,1623,NA,1955,
1568,1597,NA,1914,
1569,1598,NA,1955,
1570,1600,NA,1914,
1571,1607,NA,1955,
1572,1619,NA,1955,
1573,1603,NA,1955,
1574,1605,NA,1955,
1575,1408,NA,1896,
1576,1627,NA,1955,
1577,1621,NA,1955,
1578,1614,NA,1955,
1579,1615,NA,1945,
1580,1595,NA,1955,
1581,1665,NA,1896,
1582,1610,NA,1945,
1583,1612,NA,1945,
1584,1625,NA,1955,
1585,1556,NA,1955,
1586,1617,NA,1945,
1587,1593,NA,1890,
1588,1616,NA,1945,
1589,1592,NA,1945,
1590,1604,NA,1955,
1591,1620,NA,1945,
1592,1613,NA,1945,
1593,1618,NA,1891,
1594,1628,NA,1914,
1595,1638,NA,1955,
1596,1639,NA,1896,
1597,1631,NA,1955,
1598,1640,NA,1914,
1599,1641,NA,1955,
1600,1663,NA,1955,
1601,1675,NA,1955,
1602,1664,NA,1955,
1603,1662,NA,1955,
1604,1643,NA,1955,
1605,1634,NA,1896,
1606,1632,NA,1955,
1607,1633,NA,1955,
1608,1680,NA,1955,
1609,1644,NA,1945,
1610,1645,NA,1945,
1611,1677,NA,1945,
1612,1646,NA,1945,
1613,1661,NA,1955,
1614,1667,NA,1955,
1615,1669,NA,1955,
1616,1571,NA,1945,"Franklin has as Johnson 1525, 1616"
1617,1629,NA,1955,
1618,1637,NA,1955,
1619,1647,NA,1896,
1620,1636,NA,1945,
1621,1648,NA,1955,
1622,1599,NA,1896,
1623,1642,NA,1945,
1624,1668,NA,1890,
1625,1649,NA,1945,
1626,1594,NA,1891,
1627,1650,NA,1890,
1628,1630,NA,1945,
1629,1635,NA,1945,
1630,1651,NA,1945,
1631,1652,NA,1945,
1632,1653,NA,1945,
1633,1654,NA,1945,
1634,1655,NA,1945,
1635,1670,NA,1945,
1636,1656,NA,1945,
1637,1674,NA,1955,
1638,1673,NA,1955,
1639,1672,NA,1955,
1640,1671,NA,1955,
1641,1657,NA,1945,
1642,1681,NA,1945,
1643,1682,NA,1945,
1644,1678,NA,1945,
1645,1679,NA,1945,
1646,1683,NA,1945,
1647,1685,NA,1955,
1648,1684,NA,1955,
1649,1735,NA,1914,
1650,1741,NA,1955,
1651,1715,NA,1955,
1652,1736,NA,1955,
1653,1723,NA,1955,
1654,1687,NA,1914,
1655,1739,NA,1955,
1656,1721,NA,1914,
1657,1734,NA,1914,
1658,1688,NA,1955,
1659,1702,NA,1914,
1660,1700,NA,1914,
1661,1717,NA,1955,
1662,1711,NA,1955,
1663,1730,NA,1914,
1664,1708,NA,1914,
1665,1704,NA,1955,
1666,1695,NA,1955,
1667,1710,NA,1914,
1668,1725,NA,1914,
1669,1714,NA,1955,
1670,1742,NA,1914,
1671,1707,NA,1955,
1672,1698,NA,1914,
1673,1722,NA,1955,
1674,1738,NA,1914,
1675,1692,NA,1914,
1676,1733,NA,1955,
1677,1743,NA,1914,
1678,1699,NA,1914,
1679,1718,NA,1955,
1680,1727,NA,1955,
1681,1694,NA,1914,
1682,1693,NA,1914,
1683,1716,NA,1914,
1684,1690,NA,1914,
1685,1701,NA,1914,
1686,1724,NA,1955,
1687,1686,NA,1914,
1688,1728,NA,1914,
1689,1731,NA,1914,
1690,1697,NA,1914,
1691,0894,NA,1914,
1692,1726,NA,1914,
1693,1709,NA,1955,
1694,1703,NA,1914,
1695,1696,NA,1914,
1696,1705,NA,1914,
1697,1732,NA,1955,
1698,1719,NA,1955,
1699,1729,NA,1955,
1700,1689,NA,1914,
1701,1744,NA,1914,
1702,1706,NA,1914,
1703,1740,NA,1914,
1704,1745,NA,1955,
1705,1691,NA,1914,
1706,1737,NA,1955,
1707,1720,NA,1955,
1708,1712,NA,1914,
1709,1713,NA,1955,
1710,0509,F24.01.004,1945,
1711,1774,NA,1896,
1712,0508,F24.01.003,1945,Multiple Fascicles
1713,1748,NA,1945,
1714,1749,NA,1945,
1715,1750,NA,1945,
1716,1783,NA,1896,
1717,1751,NA,1945,
1718,1542,NA,1896,
1719,1752,NA,1945,
1720,1753,NA,1945,
1721,1754,NA,1945,
1722,1755,NA,1945,
1723,1778,NA,1896,
1724,1782,NA,1896,
1725,0396,F20.01.001,1929,
1726,1756,NA,1945,
1727,0585,F25.06.017,1945,
1728,1757,NA,1945,
1729,0056,F02.04.015,1896,
1730,0054,F02.04.013,1945,
1731,1758,NA,1945,
1732,1773,NA,1896,
1733,1342,NA,1945,
1734,1477,NA,1945,
1735,1759,NA,1945,
1736,1760,NA,1896,
1737,0267,F11.07.016,1945,
1738,1772,NA,1896,
1739,0586,F25.06.018,1929,
1740,1780,NA,1896,
1741,1761,NA,1945,
1742,1781,NA,1896,
1743,1784,NA,1896,
1744,1762,NA,1945,
1745,1763,NA,1945,
1746,1764,NA,1945,
1747,1765,NA,1945,
1748,1776,NA,1896,
1749,1766,NA,1945,
1750,1767,NA,1945,
1751,1768,NA,1945,
1752,1769,NA,1945,
1753,1770,NA,1945,
1754,1777,NA,1896,
1755,1779,NA,1896,
1756,1771,NA,1945,
1757,1775,NA,1896,
1758,1179,NA,1896,
1759,1786,NA,1945,
1760,1590,NA,1890,
1761,0397,F20.01.002,1890,
1762,1787,NA,1955,
1763,1788,NA,1955,
1764,1789,NA,1955,
1765,1747,NA,1914,
1766,1746,NA,1914,
1767,1785,NA,1896,
1768,1606,NA,1955,
1769,1153,NA,1955,
1770,1181,NA,1945,
1771,1557,NA,1945,
1772,-0005,NA,1945,
1773,1622,NA,1945,
1774,1182,NA,1945,
1775,0895,NA,1945,"Franklin has as Johnson 1068, 1775"
-0001,0190,NA,1998,
-0002,0290,NA,1998,
-0003,0502,NA,1998,
-0004,0808,NA,1998,
-0005,1244,NA,1998,
-0006,1252,NA,1998,
-0007,1321,NA,1998,
-0008,1452,NA,1998,
-0009,1478,NA,1998,
-0010,1492,NA,1998,
-0011,1534,NA,1998,
-0012,1558,NA,1945,
-0013,1591,NA,1998,
-0014,1658,NA,1998,
-0015,1659,NA,1998,
-0016,1660,NA,1998,
-0017,1676,NA,1998,
